ID;userName;firstName;lastName;gender;age;status_code;createdBy;createdAt;modifiedAt
c1c1c1c1-0001-4111-8111-111111111101;raj.sharma@example.com;Raj;Sharma;Male;35;A;admin@anubhav.com;2025-01-15T08:00:00Z;2025-03-20T10:30:00Z
c1c1c1c1-0002-4111-8111-111111111102;priya.patel@example.com;Priya;Patel;Female;28;A;admin@anubhav.com;2025-02-01T09:00:00Z;2025-04-10T14:00:00Z
c1c1c1c1-0003-4111-8111-111111111103;john.williams@example.com;John;Williams;Male;45;A;admin@anubhav.com;2025-01-20T10:00:00Z;2025-03-15T11:00:00Z
c1c1c1c1-0004-4111-8111-111111111104;emily.johnson@example.com;Emily;Johnson;Female;32;A;admin@anubhav.com;2025-02-10T11:00:00Z;2025-04-25T09:00:00Z
c1c1c1c1-0005-4111-8111-111111111105;hans.mueller@example.com;Hans;Mueller;Male;52;I;admin@anubhav.com;2024-11-05T07:00:00Z;2025-01-10T08:00:00Z
c1c1c1c1-0006-4111-8111-111111111106;sophie.dubois@example.com;Sophie;Dubois;Female;29;A;admin@anubhav.com;2025-03-01T12:00:00Z;2025-05-01T15:00:00Z
c1c1c1c1-0007-4111-8111-111111111107;kenji.tanaka@example.com;Kenji;Tanaka;Male;41;A;admin@anubhav.com;2025-01-08T06:00:00Z;2025-04-18T07:00:00Z
c1c1c1c1-0008-4111-8111-111111111108;li.wei@example.com;Li;Wei;Female;38;A;admin@anubhav.com;2025-02-20T08:00:00Z;2025-04-30T10:00:00Z
c1c1c1c1-0009-4111-8111-111111111109;omar.alrashid@example.com;Omar;Al-Rashid;Male;60;I;admin@anubhav.com;2024-10-15T09:00:00Z;2024-12-20T11:00:00Z
c1c1c1c1-0010-4111-8111-111111111110;isabella.ferrari@example.com;Isabella;Ferrari;Female;44;A;admin@anubhav.com;2025-01-25T13:00:00Z;2025-04-05T16:00:00Z
